id,code,name,nationalFlag,series,provinces,isTreatingNumClear,confirmedPerMil,continent,updateTime,confirmedTotal,suspectedTotal,curesTotal,deathsTotal,treatingTotal
USA,1840000,美国,https://s2.pstatp.com/cdn/expire-1-M/flag-icon-css/3.3.0/flags/4x3/us.svg,,,False,85841.49,北美洲,1613354261,28258163,0,18217129,497042,9543992
IND,1356000,印度,https://s2.pstatp.com/cdn/expire-1-M/flag-icon-css/3.3.0/flags/4x3/in.svg,,,False,7978.8413,亚洲,1613354261,10916172,0,10619083,155764,141325
BRA,1076000,巴西,https://s2.pstatp.com/cdn/expire-1-M/flag-icon-css/3.3.0/flags/4x3/br.svg,,,False,45413.996,南美洲,1613354261,9834513,0,8710840,239245,884428
RUS,1643000,俄罗斯,https://s2.pstatp.com/cdn/expire-1-M/flag-icon-css/3.3.0/flags/4x3/ru.svg,,,False,27781.125,欧洲,1613354261,4071883,0,3593101,80126,398656
GBR,1826000,英国,https://s2.pstatp.com/cdn/expire-1-M/flag-icon-css/3.3.0/flags/4x3/gb.svg,,,False,60654.367,欧洲,1613354261,4038078,0,2160515,117166,1760397
FRA,1250000,法国,https://sf1-hscdn-tos.pstatp.com/obj/ies-fe-bee/bee_prod/biz_73/tos_5a004664e43b5ac5a766a9fcf57edd99.svg,,,False,52728.418,欧洲,1613354261,3465163,0,238753,81814,3144596
ESP,1724000,西班牙,https://s2.pstatp.com/cdn/expire-1-M/flag-icon-css/3.3.0/flags/4x3/es.svg,,,False,66716.914,欧洲,1613354261,3056035,0,196958,64747,2794330
ITA,1380000,意大利,https://sf1-hscdn-tos.pstatp.com/obj/ies-fe-bee/bee_prod/biz_73/tos_26e490595f3e649b85a072793de33a44.svg,,,False,45376.75,欧洲,1613354261,2721879,0,2225519,93577,402783
TUR,1792000,土耳其,https://s2.pstatp.com/cdn/expire-1-M/flag-icon-css/3.3.0/flags/4x3/tr.svg,,,False,30463.092,亚洲,1613354261,2586183,0,2475329,27471,83383
DEU,1276000,德国,https://s2.pstatp.com/cdn/expire-1-M/flag-icon-css/3.3.0/flags/4x3/de.svg,,,False,28729.512,欧洲,1613354261,2340123,0,2118887,65545,155691
COL,1170000,哥伦比亚,https://s2.pstatp.com/cdn/expire-1-M/flag-icon-css/3.3.0/flags/4x3/co.svg,,,False,43954.406,南美洲,1613354261,2195039,0,2083551,57605,53883
ARG,1032000,阿根廷,https://s2.pstatp.com/cdn/expire-1-M/flag-icon-css/3.3.0/flags/4x3/ar.svg,,,False,44982.746,南美洲,1613354261,2025798,0,1827118,50236,148444
MEX,1484000,墨西哥,https://s2.pstatp.com/cdn/expire-1-M/flag-icon-css/3.3.0/flags/4x3/mx.svg,,,False,14723.097,北美洲,1613354261,1988695,0,1542991,173771,271933
POL,1616000,波兰,https://s2.pstatp.com/cdn/expire-1-M/flag-icon-css/3.3.0/flags/4x3/pl.svg,,,False,41115.64,欧洲,1613354261,1588955,0,1342031,40807,206117
IRN,1364000,伊朗,https://sf1-hscdn-tos.pstatp.com/obj/ies-fe-bee/bee_prod/biz_73/tos_6d95c7795477a245a6767c768413b06e.svg,,,False,18132.598,亚洲,1613354261,1518263,0,1298023,58945,161295
ZAF,1710000,南非,https://s2.pstatp.com/cdn/expire-1-M/flag-icon-css/3.3.0/flags/4x3/za.svg,,,False,26069.191,非洲,1613354261,1491807,0,1388321,47899,55587
UKR,1804000,乌克兰,https://s2.pstatp.com/cdn/expire-1-M/flag-icon-css/3.3.0/flags/4x3/ua.svg,,,False,30123.299,欧洲,1613354261,1271143,0,1114301,24330,132512
PER,1604000,秘鲁,https://s2.pstatp.com/cdn/expire-1-M/flag-icon-css/3.3.0/flags/4x3/pe.svg,,,False,37337.38,南美洲,1613354261,1227205,0,1137412,43491,46302
IDN,1360000,印度尼西亚,https://s2.pstatp.com/cdn/expire-1-M/flag-icon-css/3.3.0/flags/4x3/id.svg,,,False,4462.993,亚洲,1613354261,1217468,0,1025273,33183,159012
CZE,1203000,捷克,https://s2.pstatp.com/cdn/expire-1-M/flag-icon-css/3.3.0/flags/4x3/cz.svg,,,False,102914.21,欧洲,1613354261,1088009,0,966399,18143,103467
NLD,1528000,荷兰,https://sf1-hscdn-tos.pstatp.com/obj/ies-fe-bee/bee_prod/biz_73/tos_9e6d63ac790e0cc0fed39f770b9a81c3.svg,,,False,59527.152,欧洲,1613354261,1029284,0,322,14816,1014146
CAN,1124000,加拿大,https://sf1-hscdn-tos.pstatp.com/obj/ies-fe-bee/bee_prod/biz_73/tos_99b8c70610267babef8e2ec54f12748c.svg,,,False,22150.291,北美洲,1613354261,825785,0,768508,21293,35984
PRT,1620000,葡萄牙,https://s2.pstatp.com/cdn/expire-1-M/flag-icon-css/3.3.0/flags/4x3/pt.svg,,,False,77118.07,欧洲,1613354261,785756,0,665316,15321,105119
CHL,1152000,智利,https://s2.pstatp.com/cdn/expire-1-M/flag-icon-css/3.3.0/flags/4x3/cl.svg,,,False,41648.816,南美洲,1613354261,776209,0,733731,19541,22937
ROU,1642000,罗马尼亚,https://s2.pstatp.com/cdn/expire-1-M/flag-icon-css/3.3.0/flags/4x3/ro.svg,,,False,40181.566,欧洲,1613354261,761963,0,708151,19366,34446
BEL,1056000,比利时,https://s2.pstatp.com/cdn/expire-1-M/flag-icon-css/3.3.0/flags/4x3/be.svg,,,False,63720.176,欧洲,1613354261,737115,0,50671,21634,664810
ISR,1376000,以色列,https://s2.pstatp.com/cdn/expire-1-M/flag-icon-css/3.3.0/flags/4x3/il.svg,,,False,85665.28,亚洲,1613354261,723726,0,662628,5378,55720
IRQ,1368000,伊拉克,https://s2.pstatp.com/cdn/expire-1-M/flag-icon-css/3.3.0/flags/4x3/iq.svg,,,False,15753.272,亚洲,1613354261,643852,0,607059,13179,23614
SWE,1752000,瑞典,https://s2.pstatp.com/cdn/expire-1-M/flag-icon-css/3.3.0/flags/4x3/se.svg,,,False,60412.17,欧洲,1613354261,608411,0,4971,12428,591012
PAK,1586000,巴基斯坦,https://s2.pstatp.com/cdn/expire-1-M/flag-icon-css/3.3.0/flags/4x3/pk.svg,,,False,2713.5166,亚洲,1613354261,563029,0,525087,12307,25635
PHL,1608000,菲律宾,https://s2.pstatp.com/cdn/expire-1-M/flag-icon-css/3.3.0/flags/4x3/ph.svg,,,False,4936.93,亚洲,1613354261,549176,0,511743,11515,25918
CHE,1756000,瑞士,https://s2.pstatp.com/cdn/expire-1-M/flag-icon-css/3.3.0/flags/4x3/ch.svg,,,False,63059.277,欧洲,1613354261,540727,0,317600,9765,213362
BGD,1050000,孟加拉国,https://s2.pstatp.com/cdn/expire-1-M/flag-icon-css/3.3.0/flags/4x3/bd.svg,,,False,3182.349,亚洲,1613354261,540592,0,487229,8274,45089
MAR,1504000,摩洛哥,https://s2.pstatp.com/cdn/expire-1-M/flag-icon-css/3.3.0/flags/4x3/ma.svg,,,False,13264.783,非洲,1613354261,478474,0,458852,8477,11145
AUT,1040000,奥地利,https://sf1-hscdn-tos.pstatp.com/obj/ies-fe-bee/bee_prod/biz_73/tos_1f262b98633885328ae568c56b37eb77.svg,,,False,50216.86,欧洲,1613354261,433487,0,411199,8211,14077
SRB,1688000,塞尔维亚,https://s2.pstatp.com/cdn/expire-1-M/flag-icon-css/3.3.0/flags/4x3/rs.svg,,,False,48171.477,欧洲,1613354261,420879,0,31536,4230,385113
JPN,1392000,日本,https://sf1-hscdn-tos.pstatp.com/obj/ies-fe-bee/bee_prod/biz_73/tos_dfad8260ad3f36db5f7f1ece2b115fe9.svg,,,False,3300.627,亚洲,1613354261,415945,0,382886,6970,26089
HUN,1348000,匈牙利,https://s2.pstatp.com/cdn/expire-1-M/flag-icon-css/3.3.0/flags/4x3/hu.svg,,,False,39664.84,欧洲,1613354261,387462,0,296173,13706,77583
SAU,1682000,沙特阿拉伯,https://s2.pstatp.com/cdn/expire-1-M/flag-icon-css/3.3.0/flags/4x3/sa.svg,,,False,10888.091,亚洲,1613354261,372732,0,363585,6433,2714
ARE,1784000,阿联酋,https://s2.pstatp.com/cdn/expire-1-M/flag-icon-css/3.3.0/flags/4x3/ae.svg,,,False,35947.35,亚洲,1613354261,348772,0,331839,1014,15919
JOR,1400000,约旦,https://s2.pstatp.com/cdn/expire-1-M/flag-icon-css/3.3.0/flags/4x3/jo.svg,,,False,41907.53,亚洲,1613354261,347250,0,327099,4455,15696
LBN,1422000,黎巴嫩,https://s2.pstatp.com/cdn/expire-1-M/flag-icon-css/3.3.0/flags/4x3/lb.svg,,,False,48910.957,亚洲,1613354261,339129,0,239293,3993,95843
PAN,1591000,巴拿马,https://sf1-hscdn-tos.pstatp.com/obj/ies-fe-bee/bee_prod/biz_73/tos_4c081728cf2110086dd0784261631c0b.svg,,,False,80656.555,北美洲,1613354261,331692,0,309296,5621,16775
SVK,1703000,斯洛伐克,https://s2.pstatp.com/cdn/expire-1-M/flag-icon-css/3.3.0/flags/4x3/sk.svg,,,False,50803.527,欧洲,1613354261,276234,0,255300,5812,15122
NPL,1524000,尼泊尔,https://s2.pstatp.com/cdn/expire-1-M/flag-icon-css/3.3.0/flags/4x3/np.svg,,,False,9175.628,亚洲,1613354261,272718,0,269060,2054,1604
BLR,1112000,白俄罗斯,https://s2.pstatp.com/cdn/expire-1-M/flag-icon-css/3.3.0/flags/4x3/by.svg,,,False,28281.057,欧洲,1613354261,268687,0,258202,1849,8636
ECU,1218000,厄瓜多尔,https://s2.pstatp.com/cdn/expire-1-M/flag-icon-css/3.3.0/flags/4x3/ec.svg,,,False,15559.742,南美洲,1613354261,267223,0,230377,15321,21525
GEO,1268000,格鲁吉亚,https://s2.pstatp.com/cdn/expire-1-M/flag-icon-css/3.3.0/flags/4x3/ge.svg,,,False,68816.76,亚洲,1613354261,265557,0,258093,3352,4112
MYS,1458000,马来西亚,https://s2.pstatp.com/cdn/expire-1-M/flag-icon-css/3.3.0/flags/4x3/my.svg,,,False,8111.3877,亚洲,1613354261,264269,0,213814,965,49490
HRV,1191000,克罗地亚,https://s2.pstatp.com/cdn/expire-1-M/flag-icon-css/3.3.0/flags/4x3/hr.svg,,,False,56607.914,欧洲,1613354261,237657,0,230041,5318,2298
BOL,1068000,玻利维亚,https://s2.pstatp.com/cdn/expire-1-M/flag-icon-css/3.3.0/flags/4x3/bo.svg,,,False,20832.832,南美洲,1613354261,236036,0,177282,11155,47599
AZE,1031000,阿塞拜疆,https://s2.pstatp.com/cdn/expire-1-M/flag-icon-css/3.3.0/flags/4x3/az.svg,,,False,22654.988,亚洲,1613354261,232123,0,226654,3180,2289
DOM,1214000,多米尼加,https://s2.pstatp.com/cdn/expire-1-M/flag-icon-css/3.3.0/flags/4x3/do.svg,,,False,20891.799,北美洲,1613354261,229768,0,176788,2944,50036
BGR,1100000,保加利亚,https://sf1-hscdn-tos.pstatp.com/obj/ies-fe-bee/bee_prod/biz_73/tos_760a974048a3e080526f07877e5c5755.svg,,,False,32764.947,欧洲,1613354261,229679,0,196920,9624,23135
TUN,1788000,突尼斯,https://s2.pstatp.com/cdn/expire-1-M/flag-icon-css/3.3.0/flags/4x3/tn.svg,,,False,19069.273,非洲,1613354261,223244,0,182421,7544,33279
IRL,1372000,爱尔兰,https://s2.pstatp.com/cdn/expire-1-M/flag-icon-css/3.3.0/flags/4x3/ie.svg,,,False,44316.586,欧洲,1613354261,209582,0,23364,3948,182270
DNK,1208000,丹麦,https://s2.pstatp.com/cdn/expire-1-M/flag-icon-css/3.3.0/flags/4x3/dk.svg,,,False,35031.82,欧洲,1613354261,204754,0,196710,2285,5759
KAZ,1398000,哈萨克斯坦,https://s2.pstatp.com/cdn/expire-1-M/flag-icon-css/3.3.0/flags/4x3/kz.svg,,,False,10839.027,亚洲,1613354261,201801,0,184339,2540,14922
CRI,1188000,哥斯达黎加,https://s2.pstatp.com/cdn/expire-1-M/flag-icon-css/3.3.0/flags/4x3/cr.svg,,,False,40143.293,北美洲,1613354261,199187,0,160946,2714,35527
LTU,1440000,立陶宛,https://s2.pstatp.com/cdn/expire-1-M/flag-icon-css/3.3.0/flags/4x3/lt.svg,,,False,69477.98,欧洲,1613354261,190724,0,174916,3070,12738
SVN,1705000,斯洛文尼亚,https://s2.pstatp.com/cdn/expire-1-M/flag-icon-css/3.3.0/flags/4x3/si.svg,,,False,86295.32,欧洲,1613354261,179477,0,162824,3717,12936
KWT,1414000,科威特,https://s2.pstatp.com/cdn/expire-1-M/flag-icon-css/3.3.0/flags/4x3/kw.svg,,,False,39838.805,亚洲,1613354261,177701,0,166019,1003,10679
EGY,1818000,埃及,https://s2.pstatp.com/cdn/expire-1-M/flag-icon-css/3.3.0/flags/4x3/eg.svg,,,False,1602.663,非洲,1613354261,173202,0,134638,9935,28629
GRC,1300000,希腊,https://s2.pstatp.com/cdn/expire-1-M/flag-icon-css/3.3.0/flags/4x3/gr.svg,,,False,15937.777,欧洲,1613354261,172128,0,138748,6126,27254
PRI,1630000,波多黎各,https://s2.pstatp.com/cdn/expire-1-M/flag-icon-css/3.3.0/flags/4x3/pr.svg,,,False,46812.0,北美洲,1613354261,171683,0,87165,1915,82603
MDA,1498000,摩尔多瓦,https://s2.pstatp.com/cdn/expire-1-M/flag-icon-css/3.3.0/flags/4x3/md.svg,,,False,41914.637,欧洲,1613354261,170186,0,157427,3651,9108
ARM,1051000,亚美尼亚,https://s2.pstatp.com/cdn/expire-1-M/flag-icon-css/3.3.0/flags/4x3/am.svg,,,False,55499.16,亚洲,1613354261,169167,0,161015,3141,5011
PSE,1275000,巴勒斯坦,https://s2.pstatp.com/cdn/expire-1-M/flag-icon-css/3.3.0/flags/4x3/ps.svg,,,False,33175.77,亚洲,1613354261,167604,0,156472,1933,9199
GTM,1320000,危地马拉,https://s2.pstatp.com/cdn/expire-1-M/flag-icon-css/3.3.0/flags/4x3/gt.svg,,,False,9517.467,北美洲,1613354261,167279,0,154130,6124,7025
HND,1340000,洪都拉斯,https://s2.pstatp.com/cdn/expire-1-M/flag-icon-css/3.3.0/flags/4x3/hn.svg,,,False,18994.342,北美洲,1613354261,159788,0,63170,3857,92761
QAT,1634000,卡塔尔,https://s2.pstatp.com/cdn/expire-1-M/flag-icon-css/3.3.0/flags/4x3/qa.svg,,,False,61332.4,亚洲,1613354261,157244,0,148314,255,8675
ETH,1231000,埃塞俄比亚,https://s2.pstatp.com/cdn/expire-1-M/flag-icon-css/3.3.0/flags/4x3/et.svg,,,False,1458.3372,非洲,1613354261,147092,0,128742,2194,16156
NGA,1566000,尼日利亚,https://s2.pstatp.com/cdn/expire-1-M/flag-icon-css/3.3.0/flags/4x3/ng.svg,,,False,710.0911,非洲,1613354261,145664,0,120399,1747,23518
PRY,1600000,巴拉圭,https://s2.pstatp.com/cdn/expire-1-M/flag-icon-css/3.3.0/flags/4x3/py.svg,,,False,20817.201,南美洲,1613354261,143443,0,119669,2920,20854
MMR,1104000,缅甸,https://s2.pstatp.com/cdn/expire-1-M/flag-icon-css/3.3.0/flags/4x3/mm.svg,,,False,2543.4868,亚洲,1613354261,141601,0,130331,3189,8081
OMN,1512000,阿曼,https://sf1-hscdn-tos.pstatp.com/obj/ies-fe-bee/bee_prod/biz_73/tos_d783afa74ccdd73b7e62de3e0fe998a2.svg,,,False,24169.336,亚洲,1613354261,137306,0,129054,1542,6710
VEN,1862000,委内瑞拉,https://s2.pstatp.com/cdn/expire-1-M/flag-icon-css/3.3.0/flags/4x3/ve.svg,,,False,4060.5364,南美洲,1613354261,132743,0,124734,1273,6736
LBY,1434000,利比亚,https://s2.pstatp.com/cdn/expire-1-M/flag-icon-css/3.3.0/flags/4x3/ly.svg,,,False,20288.992,非洲,1613354261,127354,0,110143,2018,15193
BIH,1070000,波黑,https://s2.pstatp.com/cdn/expire-1-M/flag-icon-css/3.3.0/flags/4x3/ba.svg,,,False,33021.383,欧洲,1613354261,125402,0,104135,4881,16386
BHR,1048000,巴林,https://s2.pstatp.com/cdn/expire-1-M/flag-icon-css/3.3.0/flags/4x3/bh.svg,,,False,77720.945,亚洲,1613354261,112742,0,105166,403,7173
DZA,1012000,阿尔及利亚,https://sf1-hscdn-tos.pstatp.com/obj/ies-fe-bee/bee_prod/biz_73/tos_06e4fa2330313c0d02edb3c1940fce30.svg,,,False,2609.1392,非洲,1613354261,110711,0,75999,2939,31773
KEN,1404000,肯尼亚,https://s2.pstatp.com/cdn/expire-1-M/flag-icon-css/3.3.0/flags/4x3/ke.svg,,,False,2036.2445,非洲,1613354261,102867,0,85008,1795,16064
MKD,1807000,北马其顿,https://s2.pstatp.com/cdn/expire-1-M/flag-icon-css/3.3.0/flags/4x3/mk.svg,,,False,46489.75,欧洲,1613354261,97052,0,87652,2989,6411
ALB,1008000,阿尔巴尼亚,https://s2.pstatp.com/cdn/expire-1-M/flag-icon-css/3.3.0/flags/4x3/al.svg,,,False,32209.225,欧洲,1613354261,93075,0,56764,1555,34756
KGZ,1417000,吉尔吉斯斯坦,https://s2.pstatp.com/cdn/expire-1-M/flag-icon-css/3.3.0/flags/4x3/kg.svg,,,False,13738.428,亚洲,1613354261,85475,0,82253,1441,1781
KOR,1410000,韩国,https://sf1-hscdn-tos.pstatp.com/obj/ies-fe-bee/bee_prod/biz_73/tos_5fa15793a7ce633cdbcaa3d4f8ed8076.svg,,,False,1628.6439,亚洲,1613354261,83525,0,73559,1522,8444
UZB,1860000,乌兹别克斯坦,https://s2.pstatp.com/cdn/expire-1-M/flag-icon-css/3.3.0/flags/4x3/uz.svg,,,False,2520.023,亚洲,1613354261,79416,0,77890,622,904
LVA,1428000,拉脱维亚,https://s2.pstatp.com/cdn/expire-1-M/flag-icon-css/3.3.0/flags/4x3/lv.svg,,,False,40288.88,欧洲,1613354261,76706,0,65046,1451,10209
GHA,1288000,加纳,https://s2.pstatp.com/cdn/expire-1-M/flag-icon-css/3.3.0/flags/4x3/gh.svg,,,False,2543.9785,非洲,1613354261,75836,0,67087,533,8216
LKA,1144000,斯里兰卡,https://s2.pstatp.com/cdn/expire-1-M/flag-icon-css/3.3.0/flags/4x3/lk.svg,,,False,3587.3677,亚洲,1613354261,75654,0,68696,390,6568
ZMB,1894000,赞比亚,https://s2.pstatp.com/cdn/expire-1-M/flag-icon-css/3.3.0/flags/4x3/zm.svg,,,False,3852.9019,非洲,1613354261,69437,0,62870,951,5616
MNE,1499000,黑山,https://s2.pstatp.com/cdn/expire-1-M/flag-icon-css/3.3.0/flags/4x3/me.svg,,,False,109732.836,欧洲,1613354261,68921,0,59358,890,8673
NOR,1578000,挪威,https://s2.pstatp.com/cdn/expire-1-M/flag-icon-css/3.3.0/flags/4x3/no.svg,,,False,12309.303,欧洲,1613354261,66453,0,57004,592,8857
SGP,1702000,新加坡,https://s2.pstatp.com/cdn/expire-1-M/flag-icon-css/3.3.0/flags/4x3/sg.svg,,,False,9885.932,亚洲,1613354261,59800,0,59621,29,150
SLV,1222000,萨尔瓦多,https://s2.pstatp.com/cdn/expire-1-M/flag-icon-css/3.3.0/flags/4x3/sv.svg,,,False,9298.876,北美洲,1613354261,57428,0,51983,1742,3703
AFG,1004000,阿富汗,https://s2.pstatp.com/cdn/expire-1-M/flag-icon-css/3.3.0/flags/4x3/af.svg,,,False,1534.8928,亚洲,1613354261,55514,0,48395,2427,4692
LUX,1442000,卢森堡,https://s2.pstatp.com/cdn/expire-1-M/flag-icon-css/3.3.0/flags/4x3/lu.svg,,,False,87599.805,欧洲,1613354261,52884,0,49301,607,2976
EST,1233000,爱沙尼亚,https://sf1-hscdn-tos.pstatp.com/obj/ies-fe-bee/bee_prod/biz_73/tos_18c9b209f18224227db97eec32641367.svg,,,False,40347.934,欧洲,1613354261,52416,0,41327,495,10594
FIN,1246000,芬兰,https://s2.pstatp.com/cdn/expire-1-M/flag-icon-css/3.3.0/flags/4x3/fi.svg,,,False,9111.469,欧洲,1613354261,50319,0,40000,710,9609
MOZ,1508000,莫桑比克,https://s2.pstatp.com/cdn/expire-1-M/flag-icon-css/3.3.0/flags/4x3/mz.svg,,,False,1629.5469,非洲,1613354261,50265,0,31699,535,18031
URY,1858000,乌拉圭,https://s2.pstatp.com/cdn/expire-1-M/flag-icon-css/3.3.0/flags/4x3/uy.svg,,,False,14120.857,南美洲,1613354261,48909,0,42889,535,5485
UGA,1800000,乌干达,https://s2.pstatp.com/cdn/expire-1-M/flag-icon-css/3.3.0/flags/4x3/ug.svg,,,False,915.36865,非洲,1613354261,40019,0,14520,328,25171
CUB,1192000,古巴,https://s2.pstatp.com/cdn/expire-1-M/flag-icon-css/3.3.0/flags/4x3/cu.svg,,,False,3343.7253,北美洲,1613354261,38289,0,33167,266,4856
NAM,1516000,纳米比亚,https://s2.pstatp.com/cdn/expire-1-M/flag-icon-css/3.3.0/flags/4x3/na.svg,,,False,13731.571,非洲,1613354261,35952,0,34141,388,1423
ZWE,1716000,津巴布韦,https://s2.pstatp.com/cdn/expire-1-M/flag-icon-css/3.3.0/flags/4x3/zw.svg,,,False,2088.2266,非洲,1613354261,35172,0,30601,1400,3171
CYP,1196000,塞浦路斯,https://s2.pstatp.com/cdn/expire-1-M/flag-icon-css/3.3.0/flags/4x3/cy.svg,,,False,26957.97,亚洲,1613354261,32390,0,2057,220,30113
CMR,1120000,喀麦隆,https://s2.pstatp.com/cdn/expire-1-M/flag-icon-css/3.3.0/flags/4x3/cm.svg,,,False,1259.6343,非洲,1613354261,32098,0,29609,479,2010
CIV,1384000,科特迪瓦,https://s2.pstatp.com/cdn/expire-1-M/flag-icon-css/3.3.0/flags/4x3/ci.svg,,,False,1261.6482,非洲,1613354261,31140,0,29338,174,1628
SEN,1686000,塞内加尔,https://s2.pstatp.com/cdn/expire-1-M/flag-icon-css/3.3.0/flags/4x3/sn.svg,,,False,1839.9597,非洲,1613354261,31007,0,25383,748,4876
MWI,1454000,马拉维,https://s2.pstatp.com/cdn/expire-1-M/flag-icon-css/3.3.0/flags/4x3/mw.svg,,,False,1516.4255,非洲,1613354261,29035,0,13607,952,14476
AUS,1036000,澳大利亚,https://s2.pstatp.com/cdn/expire-1-M/flag-icon-css/3.3.0/flags/4x3/au.svg,,,False,1145.8367,大洋洲,1613354261,28898,0,26120,909,1869
SDN,1736000,苏丹,https://s2.pstatp.com/cdn/expire-1-M/flag-icon-css/3.3.0/flags/4x3/sd.svg,,,False,641.38324,非洲,1613354261,27820,0,22208,1849,3763
BWA,1072000,博茨瓦纳,https://s2.pstatp.com/cdn/expire-1-M/flag-icon-css/3.3.0/flags/4x3/bw.svg,,,False,10421.875,非洲,1613354261,24926,0,21214,202,3510
THA,1764000,泰国,https://s2.pstatp.com/cdn/expire-1-M/flag-icon-css/3.3.0/flags/4x3/th.svg,,,False,355.42572,亚洲,1613354261,24571,0,22111,80,2380
COD,1180000,刚果（金）,https://s2.pstatp.com/cdn/expire-1-M/flag-icon-css/3.3.0/flags/4x3/cd.svg,,,False,272.68884,非洲,1613354261,24240,0,15217,693,8330
AGO,1024000,安哥拉,https://s2.pstatp.com/cdn/expire-1-M/flag-icon-css/3.3.0/flags/4x3/ao.svg,,,False,725.776,非洲,1613354261,20366,0,18795,492,1079
MLT,1470000,马耳他,https://s2.pstatp.com/cdn/expire-1-M/flag-icon-css/3.3.0/flags/4x3/mt.svg,,,False,46825.68,欧洲,1613354261,19789,0,17126,293,2370
MDG,1450000,马达加斯加,https://s2.pstatp.com/cdn/expire-1-M/flag-icon-css/3.3.0/flags/4x3/mg.svg,,,False,724.90356,非洲,1613354261,19360,0,18490,285,585
JAM,1388000,牙买加,https://s2.pstatp.com/cdn/expire-1-M/flag-icon-css/3.3.0/flags/4x3/jm.svg,,,False,6742.827,北美洲,1613354261,19035,0,12593,374,6068
PYF,1258000,法属波利尼西亚,https://s2.pstatp.com/cdn/expire-1-M/flag-icon-css/3.3.0/flags/4x3/pf.svg,,,False,65861.74,大洋洲,1613354261,18263,0,4842,135,13286
MDV,1462000,马尔代夫,https://s2.pstatp.com/cdn/expire-1-M/flag-icon-css/3.3.0/flags/4x3/mv.svg,,,False,46646.953,亚洲,1613354261,17828,0,15448,58,2322
RWA,1646000,卢旺达,https://s2.pstatp.com/cdn/expire-1-M/flag-icon-css/3.3.0/flags/4x3/rw.svg,,,False,1373.1592,非洲,1613354261,17343,0,14792,239,2312
MRT,1478000,毛利塔尼亚,https://s2.pstatp.com/cdn/expire-1-M/flag-icon-css/3.3.0/flags/4x3/mr.svg,,,False,3893.466,非洲,1613354261,16965,0,16215,428,322
SWZ,1748000,斯威士兰,https://s2.pstatp.com/cdn/expire-1-M/flag-icon-css/3.3.0/flags/4x3/sz.svg,,,False,12312.905,非洲,1613354261,16535,0,12252,630,3653
GUF,1254000,法属圭亚那,https://s2.pstatp.com/cdn/expire-1-M/flag-icon-css/3.3.0/flags/4x3/gf.svg,,,False,56791.24,南美洲,1613354261,16456,0,9995,80,6381
GIN,1324000,几内亚,https://s2.pstatp.com/cdn/expire-1-M/flag-icon-css/3.3.0/flags/4x3/gn.svg,,,False,1074.9855,非洲,1613354261,14895,0,14453,84,358
SYR,1760000,叙利亚,https://s2.pstatp.com/cdn/expire-1-M/flag-icon-css/3.3.0/flags/4x3/sy.svg,,,False,874.65424,亚洲,1613354261,14863,0,8679,978,5206
CPV,1132000,佛得角,https://s2.pstatp.com/cdn/expire-1-M/flag-icon-css/3.3.0/flags/4x3/cv.svg,,,False,27332.564,非洲,1613354261,14700,0,14164,139,397
TJK,1762000,塔吉克斯坦,https://s2.pstatp.com/cdn/expire-1-M/flag-icon-css/3.3.0/flags/4x3/tj.svg,,,False,1474.7341,亚洲,1613354261,13308,0,13218,90,0
MYT,1175000,马约特,https://s2.pstatp.com/cdn/expire-1-M/flag-icon-css/3.3.0/flags/4x3/yt.svg,,,False,51516.85,非洲,1613354261,13215,0,2964,75,10176
GAB,1266000,加蓬,https://s2.pstatp.com/cdn/expire-1-M/flag-icon-css/3.3.0/flags/4x3/ga.svg,,,False,6850.2183,非洲,1613354261,12577,0,11534,73,970
BLZ,1084000,伯利兹,https://s2.pstatp.com/cdn/expire-1-M/flag-icon-css/3.3.0/flags/4x3/bz.svg,,,False,31783.21,北美洲,1613354261,12145,0,11626,313,206
HTI,1332000,海地,https://s2.pstatp.com/cdn/expire-1-M/flag-icon-css/3.3.0/flags/4x3/ht.svg,,,False,1079.9537,北美洲,1613354261,12143,0,9354,247,2542
BFA,1854000,布基纳法索,https://s2.pstatp.com/cdn/expire-1-M/flag-icon-css/3.3.0/flags/4x3/bf.svg,,,False,577.7822,非洲,1613354261,11588,0,10870,138,580
REU,1638000,留尼汪,https://s2.pstatp.com/cdn/expire-1-M/flag-icon-css/3.3.0/flags/4x3/re.svg,,,False,12597.219,非洲,1613354261,10907,0,10049,47,811
AND,1020000,安道尔,https://s2.pstatp.com/cdn/expire-1-M/flag-icon-css/3.3.0/flags/4x3/ad.svg,,,False,144486.64,欧洲,1613354261,10463,0,9868,107,488
LSO,1426000,莱索托,https://s2.pstatp.com/cdn/expire-1-M/flag-icon-css/3.3.0/flags/4x3/ls.svg,,,False,4514.7695,非洲,1613354261,9965,0,2940,230,6795
GLP,1312000,瓜德罗普,https://s2.pstatp.com/cdn/expire-1-M/flag-icon-css/3.3.0/flags/4x3/gp.svg,,,False,23726.879,北美洲,1613354261,9351,0,2242,156,6953
SUR,1740000,苏里南,https://s2.pstatp.com/cdn/expire-1-M/flag-icon-css/3.3.0/flags/4x3/sr.svg,,,False,15774.841,南美洲,1613354261,8794,0,8194,166,434
COG,1178000,刚果（布）,https://s2.pstatp.com/cdn/expire-1-M/flag-icon-css/3.3.0/flags/4x3/cg.svg,,,False,1698.1665,非洲,1613354261,8419,0,7019,123,1277
BHS,1044000,巴哈马,https://s2.pstatp.com/cdn/expire-1-M/flag-icon-css/3.3.0/flags/4x3/bs.svg,,,False,20556.518,北美洲,1613354261,8311,0,6931,178,1202
MLI,1466000,马里,https://s2.pstatp.com/cdn/expire-1-M/flag-icon-css/3.3.0/flags/4x3/ml.svg,,,False,421.63245,非洲,1613354261,8229,0,6196,342,1691
GUY,1328000,圭亚那,https://s2.pstatp.com/cdn/expire-1-M/flag-icon-css/3.3.0/flags/4x3/gy.svg,,,False,10594.735,南美洲,1613354261,8207,0,7379,186,642
GUM,1316000,关岛,https://s2.pstatp.com/cdn/expire-1-M/flag-icon-css/3.3.0/flags/4x3/gu.svg,,,False,43734.367,大洋洲,1613354261,7692,0,7472,130,90
TTO,1780000,特立尼达和多巴哥,https://s2.pstatp.com/cdn/expire-1-M/flag-icon-css/3.3.0/flags/4x3/tt.svg,,,False,5542.903,北美洲,1613354261,7642,0,7334,138,170
ABW,1533000,阿鲁巴,https://s2.pstatp.com/cdn/expire-1-M/flag-icon-css/3.3.0/flags/4x3/aw.svg,,,False,70465.78,南美洲,1613354261,7413,0,7067,68,278
MTQ,1474000,马提尼克,https://s2.pstatp.com/cdn/expire-1-M/flag-icon-css/3.3.0/flags/4x3/mq.svg,,,False,16341.6455,北美洲,1613354261,6553,0,98,45,6410
NIC,1558000,尼加拉瓜,https://s2.pstatp.com/cdn/expire-1-M/flag-icon-css/3.3.0/flags/4x3/ni.svg,,,False,1010.15405,北美洲,1613354261,6347,0,4225,171,1951
ISL,1352000,冰岛,https://s2.pstatp.com/cdn/expire-1-M/flag-icon-css/3.3.0/flags/4x3/is.svg,,,False,17953.219,欧洲,1613354261,6033,0,5978,29,26
DJI,1262000,吉布提,https://s2.pstatp.com/cdn/expire-1-M/flag-icon-css/3.3.0/flags/4x3/dj.svg,,,False,6481.411,非洲,1613354261,5971,0,5858,63,50
TGO,1768000,多哥,https://s2.pstatp.com/cdn/expire-1-M/flag-icon-css/3.3.0/flags/4x3/tg.svg,,,False,747.00507,非洲,1613354261,5874,0,5004,81,789
GNQ,1226000,赤道几内亚,https://s2.pstatp.com/cdn/expire-1-M/flag-icon-css/3.3.0/flags/4x3/gq.svg,,,False,6209.3784,非洲,1613354261,5694,0,5426,87,181
SSD,1728000,南苏丹,,,,False,0.0,,1613354261,5413,0,3769,74,1570
SOM,1706000,索马里,https://s2.pstatp.com/cdn/expire-1-M/flag-icon-css/3.3.0/flags/4x3/so.svg,,,False,442.7266,非洲,1613354261,5183,0,3739,152,1292
CAF,1140000,中非,https://s2.pstatp.com/cdn/expire-1-M/flag-icon-css/3.3.0/flags/4x3/cf.svg,,,False,966.176,非洲,1613354261,4996,0,4885,63,48
NER,1562000,尼日尔,https://s2.pstatp.com/cdn/expire-1-M/flag-icon-css/3.3.0/flags/4x3/ne.svg,,,False,205.56042,非洲,1613354261,4695,0,4152,169,374
ANT,1530000,荷属安的列斯,,,,False,20480.16,北美洲,1613354261,4650,0,4568,22,60
BEN,1204000,贝宁,https://s2.pstatp.com/cdn/expire-1-M/flag-icon-css/3.3.0/flags/4x3/bj.svg,,,False,381.5261,非洲,1613354261,4560,0,3772,56,732
GMB,1270000,冈比亚,https://s2.pstatp.com/cdn/expire-1-M/flag-icon-css/3.3.0/flags/4x3/gm.svg,,,False,2028.1199,非洲,1613354261,4414,0,3901,138,375
GIB,1292000,直布罗陀,https://s2.pstatp.com/cdn/expire-1-M/flag-icon-css/3.3.0/flags/4x3/gi.svg,,,False,130228.11,#N/A,1613354261,4219,0,4064,84,71
SLE,1694000,塞拉利昂,https://s2.pstatp.com/cdn/expire-1-M/flag-icon-css/3.3.0/flags/4x3/sl.svg,,,False,556.81036,非洲,1613354261,3821,0,2559,79,1183
TCD,1148000,乍得,https://s2.pstatp.com/cdn/expire-1-M/flag-icon-css/3.3.0/flags/4x3/td.svg,,,False,231.47266,非洲,1613354261,3645,0,3175,129,341
COM,1174000,科摩罗,https://s2.pstatp.com/cdn/expire-1-M/flag-icon-css/3.3.0/flags/4x3/km.svg,,,False,3954.7822,非洲,1613354261,3334,0,2777,129,428
SMR,1674000,圣马力诺,https://s2.pstatp.com/cdn/expire-1-M/flag-icon-css/3.3.0/flags/4x3/sm.svg,,,False,99969.51,欧洲,1613354261,3278,0,2956,72,250
JEY,1832000,泽西岛,https://s2.pstatp.com/cdn/expire-1-M/flag-icon-css/3.3.0/flags/4x3/je.svg,,,False,19215.947,#N/A,1613354261,3191,0,0,67,3124
GNB,1624000,几内亚比绍,https://s2.pstatp.com/cdn/expire-1-M/flag-icon-css/3.3.0/flags/4x3/gw.svg,,,False,1482.9843,非洲,1613354261,2924,0,2464,46,414
LIE,1438000,列支敦士登,https://s2.pstatp.com/cdn/expire-1-M/flag-icon-css/3.3.0/flags/4x3/li.svg,,,False,66408.49,欧洲,1613354261,2538,0,2457,52,29
VIR,1850000,美属维尔京群岛,https://s2.pstatp.com/cdn/expire-1-M/flag-icon-css/3.3.0/flags/4x3/vi.svg,,,False,23768.717,北美洲,1613354261,2524,0,2399,25,100
LCA,1662000,圣卢西亚,https://s2.pstatp.com/cdn/expire-1-M/flag-icon-css/3.3.0/flags/4x3/lc.svg,,,False,13294.981,北美洲,1613354261,2519,0,1778,23,718
ERI,1232000,厄立特里亚,https://s2.pstatp.com/cdn/expire-1-M/flag-icon-css/3.3.0/flags/4x3/er.svg,,,False,437.79962,非洲,1613354261,2429,0,1828,7,594
MNG,1496000,蒙古,https://s2.pstatp.com/cdn/expire-1-M/flag-icon-css/3.3.0/flags/4x3/mn.svg,,,False,734.6416,亚洲,1613354261,2351,0,1682,2,667
NZL,1554000,新西兰,https://s2.pstatp.com/cdn/expire-1-M/flag-icon-css/3.3.0/flags/4x3/nz.svg,,,False,480.98755,大洋洲,1613354261,2330,0,2258,25,47
VNM,1704000,越南,https://s2.pstatp.com/cdn/expire-1-M/flag-icon-css/3.3.0/flags/4x3/vn.svg,,,False,22.675058,亚洲,1613354261,2228,0,1532,35,661
YEM,1887000,也门,https://s2.pstatp.com/cdn/expire-1-M/flag-icon-css/3.3.0/flags/4x3/ye.svg,,,False,73.04117,亚洲,1613354261,2145,0,1430,617,98
BRB,1052000,巴巴多斯,https://s2.pstatp.com/cdn/expire-1-M/flag-icon-css/3.3.0/flags/4x3/bb.svg,,,False,7183.6875,北美洲,1613354261,2061,0,1616,23,422
MAF,1663000,圣马丁,,,,False,47156.203,欧洲,1613354261,1994,0,1889,27,78
LBR,1430000,利比里亚,https://s2.pstatp.com/cdn/expire-1-M/flag-icon-css/3.3.0/flags/4x3/lr.svg,,,False,404.18234,非洲,1613354261,1956,0,1770,84,102
SYC,1690000,塞舌尔,https://s2.pstatp.com/cdn/expire-1-M/flag-icon-css/3.3.0/flags/4x3/sc.svg,,,False,19216.9,非洲,1613354261,1892,0,1354,8,530
TCA,1796000,特克斯和凯科斯群岛,https://s2.pstatp.com/cdn/expire-1-M/flag-icon-css/3.3.0/flags/4x3/tc.svg,,,False,49042.246,北美洲,1613354261,1869,0,1547,12,310
BDI,1108000,布隆迪,https://s2.pstatp.com/cdn/expire-1-M/flag-icon-css/3.3.0/flags/4x3/bi.svg,,,False,145.31549,非洲,1613354261,1824,0,773,3,1048
MCO,1492000,摩纳哥,https://s2.pstatp.com/cdn/expire-1-M/flag-icon-css/3.3.0/flags/4x3/mc.svg,,,False,46905.816,欧洲,1613354261,1760,0,1530,21,209
STP,1678000,圣多美和普林西比,https://s2.pstatp.com/cdn/expire-1-M/flag-icon-css/3.3.0/flags/4x3/st.svg,,,False,7334.455,非洲,1613354261,1482,0,1106,19,357
VCT,1670000,圣文森特和格林纳丁斯,https://s2.pstatp.com/cdn/expire-1-M/flag-icon-css/3.3.0/flags/4x3/vc.svg,,,False,12948.589,北美洲,1613354261,1418,0,554,6,858
PNG,1598000,巴布亚新几内亚,https://s2.pstatp.com/cdn/expire-1-M/flag-icon-css/3.3.0/flags/4x3/pg.svg,,,False,113.05165,大洋洲,1613354261,914,0,846,9,59
BTN,1064000,不丹,https://s2.pstatp.com/cdn/expire-1-M/flag-icon-css/3.3.0/flags/4x3/bt.svg,,,False,1069.7968,亚洲,1613354261,864,0,856,1,7
GGY,1831000,格恩西岛,https://s2.pstatp.com/cdn/expire-1-M/flag-icon-css/3.3.0/flags/4x3/gg.svg,,,False,11742.638,欧洲,1613354261,770,0,0,13,757
AAA,1900000,钻石公主号邮轮,,,,False,0.0,,1613354261,712,0,653,13,46
BMU,1060000,百慕大,https://s2.pstatp.com/cdn/expire-1-M/flag-icon-css/3.3.0/flags/4x3/bm.svg,,,False,10943.4375,北美洲,1613354261,694,0,675,12,7
FRO,1234000,法罗群岛,https://s2.pstatp.com/cdn/expire-1-M/flag-icon-css/3.3.0/flags/4x3/fo.svg,,,False,13437.507,欧洲,1613354261,657,0,653,1,3
MUS,1480000,毛里求斯,https://s2.pstatp.com/cdn/expire-1-M/flag-icon-css/3.3.0/flags/4x3/mu.svg,,,False,462.02826,非洲,1613354261,595,0,546,10,39
TZA,1834000,坦桑尼亚,https://s2.pstatp.com/cdn/expire-1-M/flag-icon-css/3.3.0/flags/4x3/tz.svg,,,False,8.277051,非洲,1613354261,509,0,183,21,305
KHM,1116000,柬埔寨,https://s2.pstatp.com/cdn/expire-1-M/flag-icon-css/3.3.0/flags/4x3/kh.svg,,,False,29.047907,亚洲,1613354261,479,0,463,0,16
BLM,1652000,圣巴泰勒米,https://s2.pstatp.com/cdn/expire-1-M/flag-icon-css/3.3.0/flags/4x3/bl.svg,,,False,47272.727,北美洲,1613354261,455,0,247,1,207
IMN,1833000,英国属地曼岛,https://s2.pstatp.com/cdn/expire-1-M/flag-icon-css/3.3.0/flags/4x3/im.svg,,,False,5172.8022,欧洲,1613354261,436,0,408,25,3
ATG,1028000,安提瓜和巴布达,https://s2.pstatp.com/cdn/expire-1-M/flag-icon-css/3.3.0/flags/4x3/ag.svg,,,False,4519.475,北美洲,1613354261,427,0,199,9,219
CYM,1136000,开曼群岛,https://s2.pstatp.com/cdn/expire-1-M/flag-icon-css/3.3.0/flags/4x3/ky.svg,,,False,6481.77,北美洲,1613354261,416,0,378,2,36
BRN,1096000,文莱,https://s2.pstatp.com/cdn/expire-1-M/flag-icon-css/3.3.0/flags/4x3/bn.svg,,,False,417.30927,亚洲,1613354261,184,0,175,3,6
GRD,1308000,格林纳达,https://s2.pstatp.com/cdn/expire-1-M/flag-icon-css/3.3.0/flags/4x3/gd.svg,,,False,1370.1167,北美洲,1613354261,148,0,146,1,1
MNP,1580000,北马里亚纳,https://s2.pstatp.com/cdn/expire-1-M/flag-icon-css/3.3.0/flags/4x3/mp.svg,,,False,2797.0276,大洋洲,1613354261,134,0,29,2,103
DMA,1212000,多米尼克,https://s2.pstatp.com/cdn/expire-1-M/flag-icon-css/3.3.0/flags/4x3/dm.svg,,,False,1657.0576,北美洲,1613354261,121,0,110,0,11
VGB,1092000,英属维尔京群岛,https://s2.pstatp.com/cdn/expire-1-M/flag-icon-css/3.3.0/flags/4x3/vg.svg,,,False,3607.595,北美洲,1613354261,114,0,95,1,18
TLS,1626000,东帝汶,https://s2.pstatp.com/cdn/expire-1-M/flag-icon-css/3.3.0/flags/4x3/tl.svg,,,False,80.86894,亚洲,1613354261,102,0,62,0,40
FJI,1242000,斐济,https://s2.pstatp.com/cdn/expire-1-M/flag-icon-css/3.3.0/flags/4x3/fj.svg,,,False,61.471584,大洋洲,1613354261,56,0,54,2,0
FLK,1238000,福克兰群岛（马尔维纳斯）,https://s2.pstatp.com/cdn/expire-1-M/flag-icon-css/3.3.0/flags/4x3/fk.svg,,,False,15597.41,南美洲,1613354261,53,0,38,0,15
NCL,1540000,新喀里多尼亚,https://s2.pstatp.com/cdn/expire-1-M/flag-icon-css/3.3.0/flags/4x3/nc.svg,,,False,185.40968,大洋洲,1613354261,52,0,49,0,3
LAO,1418000,老挝,https://s2.pstatp.com/cdn/expire-1-M/flag-icon-css/3.3.0/flags/4x3/la.svg,,,False,6.3191595,亚洲,1613354261,45,0,41,0,4
KNA,1659000,圣基茨和尼维斯,https://s2.pstatp.com/cdn/expire-1-M/flag-icon-css/3.3.0/flags/4x3/kn.svg,,,False,722.22516,北美洲,1613354261,41,0,39,0,2
GRL,1304000,格陵兰,https://s2.pstatp.com/cdn/expire-1-M/flag-icon-css/3.3.0/flags/4x3/gl.svg,,,False,532.9449,北美洲,1613354261,30,0,30,0,0
VAT,1336000,梵蒂冈,https://s2.pstatp.com/cdn/expire-1-M/flag-icon-css/3.3.0/flags/4x3/va.svg,,,False,29637.76,欧洲,1613354261,27,0,15,0,12
SPM,1666000,圣皮埃尔和密克隆,https://s2.pstatp.com/cdn/expire-1-M/flag-icon-css/3.3.0/flags/4x3/pm.svg,,,False,3947.3684,北美洲,1613354261,24,0,16,0,8
MSR,1500000,蒙特塞拉特,https://s2.pstatp.com/cdn/expire-1-M/flag-icon-css/3.3.0/flags/4x3/ms.svg,,,False,3637.0598,北美洲,1613354261,19,0,13,1,5
AIA,1660000,安圭拉,https://s2.pstatp.com/cdn/expire-1-M/flag-icon-css/3.3.0/flags/4x3/ai.svg,,,False,1153.4764,北美洲,1613354261,18,0,16,0,2
