id,name,cities,series,updateDate,isTreatingNumClear,confirmedTotal,suspectedTotal,curesTotal,deathsTotal,treatingTotal
392013,东京都,,"[{'date': '2020-10-24', 'confirmedNum': 30033, 'curesNum': 27809, 'deathsNum': 447, 'curesRatio': 0.92594814, 'deathsRatio': 0.014883628, 'treatingNum': 1777, 'confirmedIncr': 327, 'asymptomaticNum': 0, 'asymptomaticIncr': 0}, {'date': '2020-10-23', 'confirmedNum': 29706, 'curesNum': 27455, 'deathsNum': 445, 'curesRatio': 0.9242241, 'deathsRatio': 0.014980138, 'treatingNum': 1806, 'confirmedIncr': 186, 'asymptomaticNum': 0, 'asymptomaticIncr': 0}]",2020-10-30,False,30881,,28526,455,1900
392027,大阪府,,"[{'date': '2020-10-24', 'confirmedNum': 12046, 'curesNum': 11091, 'deathsNum': 234, 'curesRatio': 0.9207206, 'deathsRatio': 0.019425536, 'treatingNum': 721, 'confirmedIncr': 166, 'asymptomaticNum': 0, 'asymptomaticIncr': 0}, {'date': '2020-10-23', 'confirmedNum': 11880, 'curesNum': 11038, 'deathsNum': 232, 'curesRatio': 0.9291246, 'deathsRatio': 0.01952862, 'treatingNum': 610, 'confirmedIncr': 100, 'asymptomaticNum': 0, 'asymptomaticIncr': 0}]",2020-10-30,False,12610,,11441,238,931
392014,神奈川,,"[{'date': '2020-10-24', 'confirmedNum': 8368, 'curesNum': 7543, 'deathsNum': 163, 'curesRatio': 0.90141016, 'deathsRatio': 0.019478967, 'treatingNum': 662, 'confirmedIncr': 123, 'asymptomaticNum': 0, 'asymptomaticIncr': 0}, {'date': '2020-10-23', 'confirmedNum': 8245, 'curesNum': 7470, 'deathsNum': 160, 'curesRatio': 0.90600365, 'deathsRatio': 0.0194057, 'treatingNum': 615, 'confirmedIncr': 91, 'asymptomaticNum': 0, 'asymptomaticIncr': 0}]",2020-10-30,False,8645,,7881,167,597
392023,爱知,,"[{'date': '2020-10-24', 'confirmedNum': 5881, 'curesNum': 5430, 'deathsNum': 92, 'curesRatio': 0.92331237, 'deathsRatio': 0.015643599, 'treatingNum': 359, 'confirmedIncr': 58, 'asymptomaticNum': 0, 'asymptomaticIncr': 0}, {'date': '2020-10-23', 'confirmedNum': 5823, 'curesNum': 5406, 'deathsNum': 92, 'curesRatio': 0.9283874, 'deathsRatio': 0.015799416, 'treatingNum': 325, 'confirmedIncr': 43, 'asymptomaticNum': 0, 'asymptomaticIncr': 0}]",2020-10-30,False,6142,,5580,95,467
392011,埼玉,,"[{'date': '2020-10-24', 'confirmedNum': 5599, 'curesNum': 5052, 'deathsNum': 105, 'curesRatio': 0.902304, 'deathsRatio': 0.018753348, 'treatingNum': 442, 'confirmedIncr': 41, 'asymptomaticNum': 0, 'asymptomaticIncr': 0}, {'date': '2020-10-23', 'confirmedNum': 5558, 'curesNum': 4994, 'deathsNum': 104, 'curesRatio': 0.89852464, 'deathsRatio': 0.018711766, 'treatingNum': 460, 'confirmedIncr': 40, 'asymptomaticNum': 0, 'asymptomaticIncr': 0}]",2020-10-30,False,5823,,5275,106,442
392040,福冈,,"[{'date': '2020-10-24', 'confirmedNum': 5185, 'curesNum': 5009, 'deathsNum': 101, 'curesRatio': 0.9660559, 'deathsRatio': 0.019479267, 'treatingNum': 75, 'confirmedIncr': 11, 'asymptomaticNum': 0, 'asymptomaticIncr': 0}, {'date': '2020-10-23', 'confirmedNum': 5174, 'curesNum': 4995, 'deathsNum': 101, 'curesRatio': 0.9654039, 'deathsRatio': 0.01952068, 'treatingNum': 78, 'confirmedIncr': 5, 'asymptomaticNum': 0, 'asymptomaticIncr': 0}]",2020-10-30,False,5217,,5037,101,79
392012,千叶,,"[{'date': '2020-10-24', 'confirmedNum': 4796, 'curesNum': 4287, 'deathsNum': 77, 'curesRatio': 0.8938699, 'deathsRatio': 0.016055046, 'treatingNum': 432, 'confirmedIncr': 77, 'asymptomaticNum': 0, 'asymptomaticIncr': 0}, {'date': '2020-10-23', 'confirmedNum': 4719, 'curesNum': 4259, 'deathsNum': 76, 'curesRatio': 0.9025217, 'deathsRatio': 0.016105106, 'treatingNum': 384, 'confirmedIncr': 54, 'asymptomaticNum': 0, 'asymptomaticIncr': 0}]",2020-10-30,False,4982,,4501,79,402
392047,冲绳,,"[{'date': '2020-10-24', 'confirmedNum': 3165, 'curesNum': 2722, 'deathsNum': 58, 'curesRatio': 0.8600316, 'deathsRatio': 0.018325435, 'treatingNum': 385, 'confirmedIncr': 71, 'asymptomaticNum': 0, 'asymptomaticIncr': 0}, {'date': '2020-10-23', 'confirmedNum': 3094, 'curesNum': 2698, 'deathsNum': 58, 'curesRatio': 0.87201035, 'deathsRatio': 0.01874596, 'treatingNum': 338, 'confirmedIncr': 46, 'asymptomaticNum': 0, 'asymptomaticIncr': 0}]",2020-10-30,False,3304,,2878,61,365
392028,兵库,,"[{'date': '2020-10-24', 'confirmedNum': 3142, 'curesNum': 2879, 'deathsNum': 61, 'curesRatio': 0.91629535, 'deathsRatio': 0.019414386, 'treatingNum': 202, 'confirmedIncr': 64, 'asymptomaticNum': 0, 'asymptomaticIncr': 0}, {'date': '2020-10-23', 'confirmedNum': 3078, 'curesNum': 2869, 'deathsNum': 61, 'curesRatio': 0.93209875, 'deathsRatio': 0.019818064, 'treatingNum': 148, 'confirmedIncr': 21, 'asymptomaticNum': 0, 'asymptomaticIncr': 0}]",2020-10-30,False,3222,,2967,62,193
392001,北海道,,"[{'date': '2020-10-24', 'confirmedNum': 2804, 'curesNum': 2309, 'deathsNum': 109, 'curesRatio': 0.8234665, 'deathsRatio': 0.03887304, 'treatingNum': 386, 'confirmedIncr': 101, 'asymptomaticNum': 0, 'asymptomaticIncr': 0}, {'date': '2020-10-23', 'confirmedNum': 2703, 'curesNum': 2287, 'deathsNum': 108, 'curesRatio': 0.84609693, 'deathsRatio': 0.039955605, 'treatingNum': 308, 'confirmedIncr': 51, 'asymptomaticNum': 0, 'asymptomaticIncr': 0}]",2020-10-30,False,3055,,2462,109,484
392026,京都府,,"[{'date': '2020-10-24', 'confirmedNum': 1971, 'curesNum': 1841, 'deathsNum': 29, 'curesRatio': 0.93404365, 'deathsRatio': 0.014713343, 'treatingNum': 101, 'confirmedIncr': 5, 'asymptomaticNum': 0, 'asymptomaticIncr': 0}, {'date': '2020-10-23', 'confirmedNum': 1966, 'curesNum': 1832, 'deathsNum': 29, 'curesRatio': 0.9318413, 'deathsRatio': 0.014750763, 'treatingNum': 105, 'confirmedIncr': 8, 'asymptomaticNum': 0, 'asymptomaticIncr': 0}]",2020-10-30,False,2027,,1908,30,89
3920y2,厚生劳动省职员和检疫官等,,"[{'date': '2020-10-24', 'confirmedNum': 1285, 'curesNum': 853, 'deathsNum': 1, 'curesRatio': 0.66381323, 'deathsRatio': 0.0007782101, 'treatingNum': 431, 'confirmedIncr': 13, 'asymptomaticNum': 0, 'asymptomaticIncr': 0}, {'date': '2020-10-23', 'confirmedNum': 1272, 'curesNum': 853, 'deathsNum': 1, 'curesRatio': 0.6705975, 'deathsRatio': 0.0007861635, 'treatingNum': 418, 'confirmedIncr': 5, 'asymptomaticNum': 0, 'asymptomaticIncr': 0}]",2020-10-30,False,1321,,1195,1,125
392010,群马,,"[{'date': '2020-10-24', 'confirmedNum': 867, 'curesNum': 739, 'deathsNum': 19, 'curesRatio': 0.8523645, 'deathsRatio': 0.021914648, 'treatingNum': 109, 'confirmedIncr': 28, 'asymptomaticNum': 0, 'asymptomaticIncr': 0}, {'date': '2020-10-23', 'confirmedNum': 839, 'curesNum': 738, 'deathsNum': 19, 'curesRatio': 0.8796186, 'deathsRatio': 0.022646008, 'treatingNum': 82, 'confirmedIncr': 19, 'asymptomaticNum': 0, 'asymptomaticIncr': 0}]",2020-10-30,False,894,,760,19,115
392017,石川,,"[{'date': '2020-10-24', 'confirmedNum': 799, 'curesNum': 732, 'deathsNum': 49, 'curesRatio': 0.9161452, 'deathsRatio': 0.061326656, 'treatingNum': 18, 'confirmedIncr': 1, 'asymptomaticNum': 0, 'asymptomaticIncr': 0}, {'date': '2020-10-23', 'confirmedNum': 798, 'curesNum': 731, 'deathsNum': 49, 'curesRatio': 0.9160401, 'deathsRatio': 0.06140351, 'treatingNum': 18, 'confirmedIncr': 2, 'asymptomaticNum': 0, 'asymptomaticIncr': 0}]",2020-10-30,False,806,,742,49,15
392043,熊本,,"[{'date': '2020-10-24', 'confirmedNum': 769, 'curesNum': 701, 'deathsNum': 8, 'curesRatio': 0.91157347, 'deathsRatio': 0.010403121, 'treatingNum': 60, 'confirmedIncr': 2, 'asymptomaticNum': 0, 'asymptomaticIncr': 0}, {'date': '2020-10-23', 'confirmedNum': 767, 'curesNum': 691, 'deathsNum': 8, 'curesRatio': 0.90091264, 'deathsRatio': 0.0104302475, 'treatingNum': 68, 'confirmedIncr': 8, 'asymptomaticNum': 0, 'asymptomaticIncr': 0}]",2020-10-30,False,791,,736,8,47
392008,茨城,,"[{'date': '2020-10-24', 'confirmedNum': 741, 'curesNum': 691, 'deathsNum': 18, 'curesRatio': 0.9325236, 'deathsRatio': 0.024291499, 'treatingNum': 32, 'confirmedIncr': 4, 'asymptomaticNum': 0, 'asymptomaticIncr': 0}, {'date': '2020-10-23', 'confirmedNum': 737, 'curesNum': 687, 'deathsNum': 18, 'curesRatio': 0.9321574, 'deathsRatio': 0.024423338, 'treatingNum': 32, 'confirmedIncr': 2, 'asymptomaticNum': 0, 'asymptomaticIncr': 0}]",2020-10-30,False,764,,714,18,32
392004,宫城,,"[{'date': '2020-10-24', 'confirmedNum': 602, 'curesNum': 499, 'deathsNum': 2, 'curesRatio': 0.8289037, 'deathsRatio': 0.003322259, 'treatingNum': 101, 'confirmedIncr': 37, 'asymptomaticNum': 0, 'asymptomaticIncr': 0}, {'date': '2020-10-23', 'confirmedNum': 565, 'curesNum': 497, 'deathsNum': 2, 'curesRatio': 0.879646, 'deathsRatio': 0.003539823, 'treatingNum': 66, 'confirmedIncr': 20, 'asymptomaticNum': 0, 'asymptomaticIncr': 0}]",2020-10-30,False,700,,535,2,163
392021,岐阜,,"[{'date': '2020-10-24', 'confirmedNum': 672, 'curesNum': 627, 'deathsNum': 11, 'curesRatio': 0.93303573, 'deathsRatio': 0.016369049, 'treatingNum': 34, 'confirmedIncr': 4, 'asymptomaticNum': 0, 'asymptomaticIncr': 0}, {'date': '2020-10-23', 'confirmedNum': 668, 'curesNum': 625, 'deathsNum': 11, 'curesRatio': 0.9356288, 'deathsRatio': 0.016467066, 'treatingNum': 32, 'confirmedIncr': 8, 'asymptomaticNum': 0, 'asymptomaticIncr': 0}]",2020-10-30,False,681,,635,11,35
392034,广岛,,"[{'date': '2020-10-24', 'confirmedNum': 656, 'curesNum': 623, 'deathsNum': 5, 'curesRatio': 0.9496951, 'deathsRatio': 0.0076219514, 'treatingNum': 28, 'confirmedIncr': 2, 'asymptomaticNum': 0, 'asymptomaticIncr': 0}, {'date': '2020-10-23', 'confirmedNum': 654, 'curesNum': 622, 'deathsNum': 5, 'curesRatio': 0.9510703, 'deathsRatio': 0.00764526, 'treatingNum': 27, 'confirmedIncr': 2, 'asymptomaticNum': 0, 'asymptomaticIncr': 0}]",2020-10-30,False,659,,642,5,12
392022,静冈,,"[{'date': '2020-10-24', 'confirmedNum': 592, 'curesNum': 571, 'deathsNum': 2, 'curesRatio': 0.964527, 'deathsRatio': 0.0033783785, 'treatingNum': 19, 'confirmedIncr': 4, 'asymptomaticNum': 0, 'asymptomaticIncr': 0}, {'date': '2020-10-23', 'confirmedNum': 588, 'curesNum': 569, 'deathsNum': 2, 'curesRatio': 0.9676871, 'deathsRatio': 0.0034013605, 'treatingNum': 17, 'confirmedIncr': 3, 'asymptomaticNum': 0, 'asymptomaticIncr': 0}]",2020-10-30,False,646,,582,2,62
392029,奈良,,"[{'date': '2020-10-24', 'confirmedNum': 625, 'curesNum': 589, 'deathsNum': 9, 'curesRatio': 0.9424, 'deathsRatio': 0.0144, 'treatingNum': 27, 'confirmedIncr': 1, 'asymptomaticNum': 0, 'asymptomaticIncr': 0}, {'date': '2020-10-23', 'confirmedNum': 624, 'curesNum': 589, 'deathsNum': 9, 'curesRatio': 0.94391024, 'deathsRatio': 0.014423077, 'treatingNum': 26, 'confirmedIncr': 3, 'asymptomaticNum': 0, 'asymptomaticIncr': 0}]",2020-10-30,False,639,,607,10,22
392024,三重,,"[{'date': '2020-10-24', 'confirmedNum': 555, 'curesNum': 534, 'deathsNum': 7, 'curesRatio': 0.96216214, 'deathsRatio': 0.012612613, 'treatingNum': 14, 'confirmedIncr': 0, 'asymptomaticNum': 0, 'asymptomaticIncr': 0}, {'date': '2020-10-23', 'confirmedNum': 555, 'curesNum': 530, 'deathsNum': 7, 'curesRatio': 0.954955, 'deathsRatio': 0.012612613, 'treatingNum': 18, 'confirmedIncr': 1, 'asymptomaticNum': 0, 'asymptomaticIncr': 0}]",2020-10-30,False,563,,541,7,15
392025,滋贺,,"[{'date': '2020-10-24', 'confirmedNum': 538, 'curesNum': 509, 'deathsNum': 9, 'curesRatio': 0.94609666, 'deathsRatio': 0.016728625, 'treatingNum': 20, 'confirmedIncr': 3, 'asymptomaticNum': 0, 'asymptomaticIncr': 0}, {'date': '2020-10-23', 'confirmedNum': 535, 'curesNum': 507, 'deathsNum': 9, 'curesRatio': 0.94766355, 'deathsRatio': 0.01682243, 'treatingNum': 19, 'confirmedIncr': 2, 'asymptomaticNum': 0, 'asymptomaticIncr': 0}]",2020-10-30,False,547,,520,9,18
392009,栃木,,"[{'date': '2020-10-24', 'confirmedNum': 477, 'curesNum': 444, 'deathsNum': 1, 'curesRatio': 0.9308176, 'deathsRatio': 0.002096436, 'treatingNum': 32, 'confirmedIncr': 1, 'asymptomaticNum': 0, 'asymptomaticIncr': 0}, {'date': '2020-10-23', 'confirmedNum': 476, 'curesNum': 442, 'deathsNum': 1, 'curesRatio': 0.9285714, 'deathsRatio': 0.0021008404, 'treatingNum': 33, 'confirmedIncr': 3, 'asymptomaticNum': 0, 'asymptomaticIncr': 0}]",2020-10-30,False,487,,461,1,25
392046,鹿儿岛,,"[{'date': '2020-10-24', 'confirmedNum': 463, 'curesNum': 453, 'deathsNum': 12, 'curesRatio': 0.9784017, 'deathsRatio': 0.025917927, 'treatingNum': -2, 'confirmedIncr': 0, 'asymptomaticNum': 0, 'asymptomaticIncr': 0}, {'date': '2020-10-23', 'confirmedNum': 463, 'curesNum': 453, 'deathsNum': 12, 'curesRatio': 0.9784017, 'deathsRatio': 0.025917927, 'treatingNum': -2, 'confirmedIncr': 0, 'asymptomaticNum': 0, 'asymptomaticIncr': 0}]",2020-10-30,False,470,,459,12,-1
392016,富山,,"[{'date': '2020-10-24', 'confirmedNum': 422, 'curesNum': 396, 'deathsNum': 26, 'curesRatio': 0.93838865, 'deathsRatio': 0.061611373, 'treatingNum': 0, 'confirmedIncr': 0, 'asymptomaticNum': 0, 'asymptomaticIncr': 0}, {'date': '2020-10-23', 'confirmedNum': 422, 'curesNum': 396, 'deathsNum': 26, 'curesRatio': 0.93838865, 'deathsRatio': 0.061611373, 'treatingNum': 0, 'confirmedIncr': 0, 'asymptomaticNum': 0, 'asymptomaticIncr': 0}]",2020-10-30,False,423,,396,26,1
392007,福岛,,"[{'date': '2020-10-24', 'confirmedNum': 386, 'curesNum': 302, 'deathsNum': 6, 'curesRatio': 0.78238344, 'deathsRatio': 0.015544041, 'treatingNum': 78, 'confirmedIncr': 8, 'asymptomaticNum': 0, 'asymptomaticIncr': 0}, {'date': '2020-10-23', 'confirmedNum': 378, 'curesNum': 295, 'deathsNum': 6, 'curesRatio': 0.7804233, 'deathsRatio': 0.015873017, 'treatingNum': 77, 'confirmedIncr': 0, 'asymptomaticNum': 0, 'asymptomaticIncr': 0}]",2020-10-30,False,387,,344,6,37
392045,宫崎,,"[{'date': '2020-10-24', 'confirmedNum': 367, 'curesNum': 365, 'deathsNum': 1, 'curesRatio': 0.9945504, 'deathsRatio': 0.0027247956, 'treatingNum': 1, 'confirmedIncr': 1, 'asymptomaticNum': 0, 'asymptomaticIncr': 0}, {'date': '2020-10-23', 'confirmedNum': 366, 'curesNum': 365, 'deathsNum': 1, 'curesRatio': 0.9972678, 'deathsRatio': 0.0027322404, 'treatingNum': 0, 'confirmedIncr': 0, 'asymptomaticNum': 0, 'asymptomaticIncr': 0}]",2020-10-30,False,367,,366,1,0
392020,长野,,"[{'date': '2020-10-24', 'confirmedNum': 334, 'curesNum': 319, 'deathsNum': 4, 'curesRatio': 0.9550898, 'deathsRatio': 0.011976048, 'treatingNum': 11, 'confirmedIncr': 4, 'asymptomaticNum': 0, 'asymptomaticIncr': 0}, {'date': '2020-10-23', 'confirmedNum': 330, 'curesNum': 319, 'deathsNum': 4, 'curesRatio': 0.96666664, 'deathsRatio': 0.012121212, 'treatingNum': 7, 'confirmedIncr': 1, 'asymptomaticNum': 0, 'asymptomaticIncr': 0}]",2020-10-30,False,339,,328,4,7
392030,和歌山,,"[{'date': '2020-10-24', 'confirmedNum': 272, 'curesNum': 245, 'deathsNum': 4, 'curesRatio': 0.9007353, 'deathsRatio': 0.014705882, 'treatingNum': 23, 'confirmedIncr': 4, 'asymptomaticNum': 0, 'asymptomaticIncr': 0}, {'date': '2020-10-23', 'confirmedNum': 268, 'curesNum': 243, 'deathsNum': 4, 'curesRatio': 0.9067164, 'deathsRatio': 0.014925373, 'treatingNum': 21, 'confirmedIncr': 2, 'asymptomaticNum': 0, 'asymptomaticIncr': 0}]",2020-10-30,False,274,,255,4,15
392033,冈山,,"[{'date': '2020-10-24', 'confirmedNum': 203, 'curesNum': 162, 'deathsNum': 2, 'curesRatio': 0.79802954, 'deathsRatio': 0.009852217, 'treatingNum': 39, 'confirmedIncr': 9, 'asymptomaticNum': 0, 'asymptomaticIncr': 0}, {'date': '2020-10-23', 'confirmedNum': 194, 'curesNum': 162, 'deathsNum': 2, 'curesRatio': 0.83505154, 'deathsRatio': 0.010309278, 'treatingNum': 30, 'confirmedIncr': 6, 'asymptomaticNum': 0, 'asymptomaticIncr': 0}]",2020-10-30,False,273,,172,3,98
392018,福井,,"[{'date': '2020-10-24', 'confirmedNum': 256, 'curesNum': 239, 'deathsNum': 11, 'curesRatio': 0.93359375, 'deathsRatio': 0.04296875, 'treatingNum': 6, 'confirmedIncr': 0, 'asymptomaticNum': 0, 'asymptomaticIncr': 0}, {'date': '2020-10-23', 'confirmedNum': 256, 'curesNum': 237, 'deathsNum': 11, 'curesRatio': 0.92578125, 'deathsRatio': 0.04296875, 'treatingNum': 8, 'confirmedIncr': 0, 'asymptomaticNum': 0, 'asymptomaticIncr': 0}]",2020-10-30,False,256,,244,11,1
392041,佐贺,,"[{'date': '2020-10-24', 'confirmedNum': 254, 'curesNum': 251, 'deathsNum': 0, 'curesRatio': 0.988189, 'deathsRatio': 0, 'treatingNum': 3, 'confirmedIncr': 1, 'asymptomaticNum': 0, 'asymptomaticIncr': 0}, {'date': '2020-10-23', 'confirmedNum': 253, 'curesNum': 251, 'deathsNum': 0, 'curesRatio': 0.9920949, 'deathsRatio': 0, 'treatingNum': 2, 'confirmedIncr': 0, 'asymptomaticNum': 0, 'asymptomaticIncr': 0}]",2020-10-30,False,254,,255,0,-1
392042,长崎,,"[{'date': '2020-10-24', 'confirmedNum': 244, 'curesNum': 237, 'deathsNum': 3, 'curesRatio': 0.97131145, 'deathsRatio': 0.012295082, 'treatingNum': 4, 'confirmedIncr': 1, 'asymptomaticNum': 0, 'asymptomaticIncr': 0}, {'date': '2020-10-23', 'confirmedNum': 243, 'curesNum': 236, 'deathsNum': 3, 'curesRatio': 0.97119343, 'deathsRatio': 0.012345679, 'treatingNum': 4, 'confirmedIncr': 1, 'asymptomaticNum': 0, 'asymptomaticIncr': 0}]",2020-10-30,False,244,,239,3,2
392002,青森,,"[{'date': '2020-10-24', 'confirmedNum': 176, 'curesNum': 49, 'deathsNum': 1, 'curesRatio': 0.2784091, 'deathsRatio': 0.0056818184, 'treatingNum': 126, 'confirmedIncr': 18, 'asymptomaticNum': 0, 'asymptomaticIncr': 0}, {'date': '2020-10-23', 'confirmedNum': 158, 'curesNum': 42, 'deathsNum': 1, 'curesRatio': 0.2658228, 'deathsRatio': 0.006329114, 'treatingNum': 115, 'confirmedIncr': 9, 'asymptomaticNum': 0, 'asymptomaticIncr': 0}]",2020-10-30,False,222,,103,3,116
392035,山口,,"[{'date': '2020-10-24', 'confirmedNum': 213, 'curesNum': 206, 'deathsNum': 2, 'curesRatio': 0.96713614, 'deathsRatio': 0.0093896715, 'treatingNum': 5, 'confirmedIncr': 0, 'asymptomaticNum': 0, 'asymptomaticIncr': 0}, {'date': '2020-10-23', 'confirmedNum': 213, 'curesNum': 206, 'deathsNum': 2, 'curesRatio': 0.96713614, 'deathsRatio': 0.0093896715, 'treatingNum': 5, 'confirmedIncr': 2, 'asymptomaticNum': 0, 'asymptomaticIncr': 0}]",2020-10-30,False,213,,207,2,4
392019,山梨,,"[{'date': '2020-10-24', 'confirmedNum': 203, 'curesNum': 194, 'deathsNum': 6, 'curesRatio': 0.95566505, 'deathsRatio': 0.02955665, 'treatingNum': 3, 'confirmedIncr': 0, 'asymptomaticNum': 0, 'asymptomaticIncr': 0}, {'date': '2020-10-23', 'confirmedNum': 203, 'curesNum': 193, 'deathsNum': 6, 'curesRatio': 0.9507389, 'deathsRatio': 0.02955665, 'treatingNum': 4, 'confirmedIncr': 1, 'asymptomaticNum': 0, 'asymptomaticIncr': 0}]",2020-10-30,False,213,,196,6,11
392015,新瀉,,"[{'date': '2020-10-24', 'confirmedNum': 182, 'curesNum': 179, 'deathsNum': 0, 'curesRatio': 0.98351645, 'deathsRatio': 0, 'treatingNum': 3, 'confirmedIncr': 2, 'asymptomaticNum': 0, 'asymptomaticIncr': 0}, {'date': '2020-10-23', 'confirmedNum': 180, 'curesNum': 179, 'deathsNum': 0, 'curesRatio': 0.99444443, 'deathsRatio': 0, 'treatingNum': 1, 'confirmedIncr': 0, 'asymptomaticNum': 0, 'asymptomaticIncr': 0}]",2020-10-30,False,183,,179,0,4
392036,德岛,,"[{'date': '2020-10-24', 'confirmedNum': 164, 'curesNum': 140, 'deathsNum': 9, 'curesRatio': 0.85365856, 'deathsRatio': 0.05487805, 'treatingNum': 15, 'confirmedIncr': 0, 'asymptomaticNum': 0, 'asymptomaticIncr': 0}, {'date': '2020-10-23', 'confirmedNum': 164, 'curesNum': 140, 'deathsNum': 9, 'curesRatio': 0.85365856, 'deathsRatio': 0.05487805, 'treatingNum': 15, 'confirmedIncr': 0, 'asymptomaticNum': 0, 'asymptomaticIncr': 0}]",2020-10-30,False,164,,151,9,4
392044,大分,,"[{'date': '2020-10-24', 'confirmedNum': 159, 'curesNum': 155, 'deathsNum': 3, 'curesRatio': 0.9748428, 'deathsRatio': 0.018867925, 'treatingNum': 1, 'confirmedIncr': 0, 'asymptomaticNum': 0, 'asymptomaticIncr': 0}, {'date': '2020-10-23', 'confirmedNum': 159, 'curesNum': 155, 'deathsNum': 3, 'curesRatio': 0.9748428, 'deathsRatio': 0.018867925, 'treatingNum': 1, 'confirmedIncr': 0, 'asymptomaticNum': 0, 'asymptomaticIncr': 0}]",2020-10-30,False,159,,156,3,0
392039,高知,,"[{'date': '2020-10-24', 'confirmedNum': 142, 'curesNum': 136, 'deathsNum': 4, 'curesRatio': 0.9577465, 'deathsRatio': 0.028169014, 'treatingNum': 2, 'confirmedIncr': 2, 'asymptomaticNum': 0, 'asymptomaticIncr': 0}, {'date': '2020-10-23', 'confirmedNum': 140, 'curesNum': 136, 'deathsNum': 4, 'curesRatio': 0.9714286, 'deathsRatio': 0.028571429, 'treatingNum': 0, 'confirmedIncr': 0, 'asymptomaticNum': 0, 'asymptomaticIncr': 0}]",2020-10-30,False,144,,137,4,3
392032,岛根,,"[{'date': '2020-10-24', 'confirmedNum': 140, 'curesNum': 140, 'deathsNum': 0, 'curesRatio': 1, 'deathsRatio': 0, 'treatingNum': 0, 'confirmedIncr': 0, 'asymptomaticNum': 0, 'asymptomaticIncr': 0}, {'date': '2020-10-23', 'confirmedNum': 140, 'curesNum': 140, 'deathsNum': 0, 'curesRatio': 1, 'deathsRatio': 0, 'treatingNum': 0, 'confirmedIncr': 0, 'asymptomaticNum': 0, 'asymptomaticIncr': 0}]",2020-10-30,False,141,,140,0,1
392038,爱媛,,"[{'date': '2020-10-24', 'confirmedNum': 116, 'curesNum': 110, 'deathsNum': 6, 'curesRatio': 0.94827586, 'deathsRatio': 0.05172414, 'treatingNum': 0, 'confirmedIncr': 0, 'asymptomaticNum': 0, 'asymptomaticIncr': 0}, {'date': '2020-10-23', 'confirmedNum': 116, 'curesNum': 109, 'deathsNum': 6, 'curesRatio': 0.9396552, 'deathsRatio': 0.05172414, 'treatingNum': 1, 'confirmedIncr': 0, 'asymptomaticNum': 0, 'asymptomaticIncr': 0}]",2020-10-30,False,116,,110,6,0
392037,香川,,"[{'date': '2020-10-24', 'confirmedNum': 102, 'curesNum': 94, 'deathsNum': 2, 'curesRatio': 0.92156863, 'deathsRatio': 0.019607844, 'treatingNum': 6, 'confirmedIncr': 0, 'asymptomaticNum': 0, 'asymptomaticIncr': 0}, {'date': '2020-10-23', 'confirmedNum': 102, 'curesNum': 94, 'deathsNum': 2, 'curesRatio': 0.92156863, 'deathsRatio': 0.019607844, 'treatingNum': 6, 'confirmedIncr': 0, 'asymptomaticNum': 0, 'asymptomaticIncr': 0}]",2020-10-30,False,102,,95,2,5
392006,山形,,"[{'date': '2020-10-24', 'confirmedNum': 84, 'curesNum': 79, 'deathsNum': 1, 'curesRatio': 0.9404762, 'deathsRatio': 0.011904762, 'treatingNum': 4, 'confirmedIncr': 0, 'asymptomaticNum': 0, 'asymptomaticIncr': 0}, {'date': '2020-10-23', 'confirmedNum': 84, 'curesNum': 79, 'deathsNum': 1, 'curesRatio': 0.9404762, 'deathsRatio': 0.011904762, 'treatingNum': 4, 'confirmedIncr': 0, 'asymptomaticNum': 0, 'asymptomaticIncr': 0}]",2020-10-30,False,86,,80,1,5
392005,秋田,,"[{'date': '2020-10-24', 'confirmedNum': 61, 'curesNum': 59, 'deathsNum': 0, 'curesRatio': 0.9672131, 'deathsRatio': 0, 'treatingNum': 2, 'confirmedIncr': 0, 'asymptomaticNum': 0, 'asymptomaticIncr': 0}, {'date': '2020-10-23', 'confirmedNum': 61, 'curesNum': 59, 'deathsNum': 0, 'curesRatio': 0.9672131, 'deathsRatio': 0, 'treatingNum': 2, 'confirmedIncr': 0, 'asymptomaticNum': 0, 'asymptomaticIncr': 0}]",2020-10-30,False,61,,59,0,2
392031,鸟取,,"[{'date': '2020-10-24', 'confirmedNum': 35, 'curesNum': 35, 'deathsNum': 0, 'curesRatio': 1, 'deathsRatio': 0, 'treatingNum': 0, 'confirmedIncr': 0, 'asymptomaticNum': 0, 'asymptomaticIncr': 0}, {'date': '2020-10-23', 'confirmedNum': 35, 'curesNum': 35, 'deathsNum': 0, 'curesRatio': 1, 'deathsRatio': 0, 'treatingNum': 0, 'confirmedIncr': 0, 'asymptomaticNum': 0, 'asymptomaticIncr': 0}]",2020-10-30,False,38,,35,0,3
392003,岩手,,"[{'date': '2020-10-24', 'confirmedNum': 27, 'curesNum': 23, 'deathsNum': 0, 'curesRatio': 0.8518519, 'deathsRatio': 0, 'treatingNum': 4, 'confirmedIncr': 0, 'asymptomaticNum': 0, 'asymptomaticIncr': 0}, {'date': '2020-10-23', 'confirmedNum': 27, 'curesNum': 23, 'deathsNum': 0, 'curesRatio': 0.8518519, 'deathsRatio': 0, 'treatingNum': 4, 'confirmedIncr': 1, 'asymptomaticNum': 0, 'asymptomaticIncr': 0}]",2020-10-30,False,27,,25,0,2
3920y1,撤侨包机,,"[{'date': '2020-10-24', 'confirmedNum': 15, 'curesNum': 15, 'deathsNum': 0, 'curesRatio': 1, 'deathsRatio': 0, 'treatingNum': 0, 'confirmedIncr': 0, 'asymptomaticNum': 0, 'asymptomaticIncr': 0}, {'date': '2020-10-23', 'confirmedNum': 15, 'curesNum': 15, 'deathsNum': 0, 'curesRatio': 1, 'deathsRatio': 0, 'treatingNum': 0, 'confirmedIncr': 0, 'asymptomaticNum': 0, 'asymptomaticIncr': 0}]",2020-10-30,False,15,,15,0,0
3920xx,未公布来源,,"[{'date': '2020-10-24', 'confirmedNum': 0, 'curesNum': 120, 'deathsNum': 0, 'curesRatio': 0, 'deathsRatio': 0, 'treatingNum': -120, 'confirmedIncr': 0, 'asymptomaticNum': 0, 'asymptomaticIncr': 0}, {'date': '2020-10-23', 'confirmedNum': 0, 'curesNum': 288, 'deathsNum': 0, 'curesRatio': 0, 'deathsRatio': 0, 'treatingNum': -288, 'confirmedIncr': 0, 'asymptomaticNum': 0, 'asymptomaticIncr': 0}]",2020-10-30,False,0,,18,4,-22
